{
"Performance Class":"9",
"Drivetrain":"AWD",
"0-300 km/h":53.7,
"100-200 km/h":10.4,
"Transmission":"Automatic",
"Value":203295,
"Weight":1365,
"TorquePeakRPM":"6400 - 8550",
"60-0 mph":124.7,
"Description":"Equipped with a 5.2L V10 engine and AWD",
"Configuration":"LP 610-4 (DCT)",
"0-200 km/h":15.3,
"default_color":"Verde Vibrante",
"60-100 mph":5.8,
"0-60 mph":4.7,
"Config Type":"Factory",
"100-0 km/h":42.5,
"Top Speed":85.1147,
"Power":405.425,
"Torque":356.473,
"Off-Road Score":34,
"PowerPeakRPM":7700,
"Weight/Power":3.37037,
"default_color_2":"Rosso Scarlatto",
"0-100 mph":10.4,
"0-100 km/h":4.9
}