{
    "Name":"Huracan",
    "Brand":"Lamborghini",
  "Author":"BeamNG",
  "Country":"Italy",
    "Type":"Car",
  "Body Style":"Coupe",
    "Years":{"min":2014, "max":2018},
    "Derby Class":"Mid-Size Car",
    "default_pc":"lp610-4",
    "default_color":"Verde Vibrante",
    "colors":{
        "Bianco Perla": "1 1 1 1.3",
        "Carbone": "0.25 0.25 0.25 1.3",
        "Antracite": "0.103 0.103 0.106 1.5",
        "Argento": "0.65 0.65 0.65 1.3",
        "Nero Puro": "0 0 0 1.3",
        "Rosso Fiamma": "1 0 0 1.3",
        "Rosso Stradale": "0.9 0.11 0.1 1.3",
        "Rosso Scarlatto": "0.68 0.1 0.11 1.3",
        "Arancio Vampata": "1 0.3 0 1.3",
        "Giallo Fulmine": "0.9 0.75 0.1 1.3",
        "Giallo Vampata": "0.9 0.85 0.1 1.3",
        "Viola": "0.1 0.1 0.2 1.3",
        "Borgogna": "0.5 0 0 1.3",
        "Verde Bosco": "0.1 0.4 0.2 1.3",
        "Turchese": "0.24 0.48 0.48 1.3",
        "Acquamarina": "0.15 0.35 0.6 1.3",
        "Blu Mare": "0.16 0.28 0.56 1.3",
        "Verde Vibrante": "0.21 0.55 0.11 1.3",
        "Azzurro": "0.1 0.2 0.55 1.3",
        "Blu Marina": "0.0 0.05 0.25 1.3",
        "Blu Tropicale": "0.2 0.5 0.65 1.3",
        "Arancione": "0.955 0.751 0.335 1.3",
        "Blu Cielo": "0.405 0.781 0.885 1.3",
        "Blu Vibrante": "0.05 0.25 0.85 1.3",
        "Blu Brillante": "0.0 0.38 0.75 1.3",
        "Rosso Velluto": "0.400 0.094 0.096 1.3",
        "Mezzanotte": "0.105 0.141 0.219 1.3",
        "Blu Bermuda": "0.114 0.188 0.198 1.3",
        "Verde Foresta": "0.056 0.256 0.209 1.3",
        "Verde Cactus": "0.374 0.513 0.141 1.3",
        "Arancio Bruciato": "0.727 0.203 0.011 1.3",
        "Grigio Ostrica": "0.351 0.386 0.461 1.3",
        "Alabastro": "0.852 0.813 0.758 1.3",
        "Zinco": "0.632 0.621 0.588 1.3",
        "Verde Opale": "0.22 0.37 0.33 1.3",
        "Inchiostro": "0.071 0.095 0.105 1.3",
        "Verde Felce": "0.224 0.301 0.221 1.3"
    }
}