{
    "Name":"Focus",
    "Brand":"Ford",
    "Author":"BeamNG",
    "Country":"United States",
    "Type":"Car",
    "Body Style":"Hatchback",
    "Years":{"min":1998, "max":2007},
    "Derby Class":"Sub-Compact Car",
    "default_pc":"SVT",
    "default_color":"Sonic Blue",
    "colors":{
        "Silver": "0.65 0.65 0.65 1.2",
        "Competition Orange": "1 0.3 0 1.2",
        "Pitch Black": "0 0 0 1.3",
        "Infra-Red": "0.68 0.1 0.11 1.3",
        "Screaming Yellow": "0.95 0.7 0.1 1.3",
        "Sonic Blue": "0.05 0.35 0.8 1.2",
    }
}