{
"0-120 mph":73.4,
"Performance Class":"5",
"Drivetrain":"FWD",
"100-200 km/h":77.5,
"Weight":985,
"Braking G":1.033,
"Value":11000,
"Configuration":"Base (M)",
"TorquePeakRPM":"3650 - 5150",
"0-200 km/h":87.7,
"Off-Road Score":27,
"0-100 mph":25.3,
"Top Speed":56.0087,
"Power":115.039,
"60-100 mph":15.6,
"0-60 mph":9.8,
"Config Type":"Factory",
"100-0 km/h":38.1,
"PowerPeakRPM":"5800 - 6750",
"Transmission":"Manual",
"Torque":147.632,
"default_color":"Brilliant Blue",
"Description":"Factory model with an 1.4L I4 engine and a manual gearbox",
"Weight/Power":8.56522,
"60-0 mph":116.6,
"60-120 mph":65.7,
"0-100 km/h":10.3
}