{
"0-120 mph":40.3,
"Performance Class":"4",
"Drivetrain":"RWD",
"100-200 km/h":44.1,
"0-100 km/h":8.5,
"0-200 km/h":52.6,
"Value":3003,
"Weight":1205,
"TorquePeakRPM":"3700 - 5000",
"Braking G":0.982,
"Off-Road Score":35,
"Configuration":"Race (M)",
"Top Speed":59.2164,
"default_color":"Jet Black",
"default_color_2":"Jet Black",
"60-100 mph":14,
"0-60 mph":8.1,
"Config Type":"Factory",
"100-0 km/h":40,
"PowerPeakRPM":"5550 - 6450",
"Transmission":"Manual",
"Torque":185.597,
"Power":138.566,
"Description":"Racing model with an upgraded engine and racing parts",
"Weight/Power":8.73188,
"60-0 mph":123,
"60-120 mph":32.4,
"0-100 mph":22
}